<?xml version="1.0" encoding="UTF-8"?>
<project-private xmlns="http://www.netbeans.org/ns/project-private/1">
    <editor-bookmarks xmlns="http://www.netbeans.org/ns/editor-bookmarks/2" lastBookmarkId="0"/>
    <open-files xmlns="http://www.netbeans.org/ns/projectui-open-files/2">
        <group>
            <file>file:/C:/Users/HP/Desktop/ProyectoPagarTrabajadores/src/capa1_presentacion/panelGestionarTrabajadores.java</file>
            <file>file:/C:/Users/HP/Desktop/ProyectoPagarTrabajadores/src/capa4_persistencia/TrabajadorDAO.java</file>
            <file>file:/C:/Users/HP/Desktop/ProyectoPagarTrabajadores/src/capa3_dominio/Trabajador.java</file>
            <file>file:/C:/Users/HP/Desktop/ProyectoPagarTrabajadores/src/capa1_presentacion/panelGestionarContrato.java</file>
        </group>
    </open-files>
</project-private>
